pickle_encode_ms,model_request_infer_ms,inference_time_ms,total_gateway_ms
7.972275838255882,2149.9017979949713,554.23,3279.6533722430468
7.016120478510857,1699.6066831052303,503.107,1707.694735378027
6.308447569608688,1455.737454816699,527.289,1463.1103798747063
6.831176578998566,2231.199523434043,370.599,3108.3295829594135
6.263066083192825,1754.8939660191536,477.622,1762.0767895132303
6.757695227861404,1724.072590470314,499.961,1736.4714927971363
6.654364988207817,1560.743235051632,561.356,1888.3093632757664
10.04728116095066,2449.4752306491137,561.434,4021.530117839575
6.840113550424576,1077.3001499474049,114.922,1297.8486064821482
8.609361946582794,1291.1157831549644,490.488,2113.521993160248
6.325537338852882,1243.6629422008991,435.517,1533.5963610559702
7.2578322142362595,1585.8009792864323,505.8,1614.3798511475325
6.1990246176719666,1421.8589924275875,521.779,2533.4602445364
6.414312869310379,2045.4239062964916,383.746,2053.082188591361
6.360389292240143,1221.5103264898062,530.082,1228.9130669087172
8.36232304573059,2554.9672953784466,456.376,3951.8346283584833
6.354751065373421,1563.0381144583225,522.132,1570.3659038990736
7.252341136336327,1174.256905913353,491.004,1185.901926830411
5.967196077108383,1327.2715918719769,373.938,2559.6428737044334
6.618810817599297,1878.3730622380972,555.118,2086.5508168935776
10.300584137439728,1887.6323569566011,464.504,3234.150981530547
6.98336586356163,1520.088179036975,558.174,1528.0905347317457
6.451224908232689,1199.7226309031248,404.374,1207.3699031025171
7.54970870912075,1385.8900554478168,538.658,2479.767791926861
6.08641654253006,1472.2594618797302,533.301,1479.4395230710506
8.147012442350388,1241.8629173189402,367.92,1250.9529870003462
6.834845989942551,1462.4451510608196,378.253,3177.717477083206
7.209759205579758,1213.4609632194042,361.342,1221.723385155201
7.102891802787781,1400.5447551608086,409.401,2461.5558199584484
8.549392223358154,1602.0897012203932,405.587,1833.8847812265158
6.692703813314438,1326.3792600482702,398.325,2575.083604082465
6.4535439014434814,1681.7759238183498,396.801,1689.8089423775673
6.182340905070305,968.7401410192251,397.209,976.110678166151
7.046734914183617,1344.0224546939135,405.837,2059.604402631521
6.221020594239235,1249.045241624117,397.277,1597.0351994037628
6.856683641672134,1491.412103176117,414.943,2917.30247810483
5.653589963912964,1158.2817249000072,411.131,1382.4082128703594
7.3906853795051575,1597.9651995003223,417.798,2113.4676095098257
6.328705698251724,1375.0270921736956,410.81,1566.9240560382605
6.713731214404106,1173.8643608987331,410.188,3073.5815204679966
6.621021777391434,1132.554778829217,419.446,1894.6099877357483
6.693629547953606,1118.4169724583626,415.755,1126.1957697570324
6.043123081326485,1217.8297713398933,400.896,1224.9639853835106
6.8637914955616,1355.3098607808352,432.657,2706.8113330751657
6.2476955354213715,990.6896241009235,402.271,997.9980662465096
6.920503452420235,1122.455108910799,425.849,2567.129520699382
6.1850156635046005,925.7933143526316,415.07,978.8793958723545
6.7206695675849915,1170.4341657459736,414.572,2928.5347871482372
6.041383370757103,827.0822241902351,403.223,834.1858834028244
7.511794567108154,906.5434541553259,407.209,2069.224404171109
6.4597707241773605,914.8857239633799,404.786,1136.2355779856443
7.741060107946396,891.2540711462498,428.276,2647.331230342388
5.8577824383974075,935.6696233153343,375.251,1025.1808892935514
7.006781175732613,1258.3842873573303,424.09,1976.9775215536356
6.559116765856743,1223.0224255472422,412.647,1231.0445848852396
6.761634722352028,831.44754730165,415.724,839.264802634716
6.2637776136398315,802.3995738476515,426.373,1888.69708776474
6.942080333828926,945.7837026566267,409.897,1094.3288672715425
6.125055253505707,892.2398239374161,395.961,2587.7398382872343
6.823616102337837,937.6738928258419,377.405,1381.6924169659615
7.1970392018556595,1020.2072039246559,411.873,1037.3053755611181
6.950050592422485,1017.531493678689,407.718,1175.591330975294
6.689794361591339,1098.756605759263,411.32,2060.995763167739
8.02144780755043,1157.9787116497755,415.997,1178.0318804085255
6.7765675485134125,1564.0556905418634,405.482,2640.896175056696
7.2271861135959625,1267.8253818303347,384.895,1276.165448129177
6.072137504816055,1455.0199322402477,401.073,3454.024363309145
7.142797112464905,1149.1917241364717,396.067,1157.3702935129404
6.404748186469078,1506.8318657577038,405.645,2513.4083963930607
6.863050162792206,1269.623400643468,401.469,1634.8151061683893
7.109241560101509,1365.489449352026,408.739,1669.3971119821072
7.704772055149078,1323.2294209301472,408.303,1331.86992444098
6.1119478195905685,976.4301404356956,402.098,983.476173132658
7.4274130165576935,1407.854799181223,419.2,2645.406909286976
6.215505301952362,1361.3486718386412,401.743,1633.306872099638
7.614029571413994,1375.7362943142653,409.827,2085.630601271987
6.671467795968056,1066.9097192585468,404.842,1085.8079977333546
12.126894667744637,1188.9845989644527,410.963,3058.1153091043234
6.1308275908231735,992.5163872539997,406.688,1097.0038827508688
7.117940112948418,1488.218866288662,410.719,2664.2563194036484
6.443805992603302,1066.6994731873274,405.531,1074.2464866489172
7.58751668035984,1400.6637036800385,407.792,3101.832067593932
6.23193196952343,1122.8745933622122,403.408,1130.1659662276506
6.3570961356163025,1087.201675400138,410.372,1876.1639725416899
6.074557080864906,1165.5904278159142,413.913,1339.1863759607077
13.926910236477852,961.9140680879354,92.101,2318.9441692084074
6.353020668029785,962.446141988039,289.385,1236.3870572298765
6.81544654071331,1178.3900298178196,406.324,1861.2703196704388
5.971033126115799,1358.599254861474,405.798,1365.580651909113
6.873773410916328,1003.6740005016327,405.849,1011.6060171276331
7.154302671551704,1076.6776017844677,415.778,1234.9595949053764
7.005952298641205,904.0711019188166,406.744,1263.854594901204
6.239362061023712,1074.1267446428537,407.982,2182.4618689715862
6.875833496451378,894.2141272127628,412.302,941.6858796030283
6.833121180534363,913.7329384684563,404.837,1019.3371493369341
6.838154047727585,839.3317051231861,405.847,890.0301493704319
7.280504330992699,1000.7219891995192,424.554,1587.784219533205
8.073702454566956,928.2346591353416,404.699,1130.9477910399437
6.940431892871857,1137.2343432158232,399.932,1726.4578826725483
8.318189531564713,1204.1411269456148,405.738,1213.5257702320814
7.1571990847587585,862.9743624478579,416.37,871.404817327857
6.702503189444542,1106.9622710347176,415.625,3041.0944055765867
6.084999069571495,878.4060273319483,402.165,1103.774517774582
7.296331226825714,873.4588399529457,399.497,1817.0271664857864
6.095344200730324,822.2699109464884,398.948,907.5961150228977
6.6086240112781525,786.6316698491573,406.309,2107.4489559978247
6.581924855709076,789.1488075256348,406.557,1078.5497035831213
6.856322288513184,899.7143115848303,415.277,2049.4723208248615
6.079312413930893,657.310301437974,410.733,664.3171831965446
8.146639913320541,902.7372729033232,412.774,1370.2076636254787
6.817173212766647,949.3913967162371,401.077,957.2827480733395
6.389886140823364,703.2747883349657,400.619,710.7386998832226
5.932645872235298,710.4680091142654,410.499,1448.3454413712025
6.7274682223796844,665.3784140944481,397.563,673.1925308704376
6.084728986024857,607.7796760946512,413.635,1478.441596031189
6.506070494651794,590.6642246991396,396.65,684.1743439435959
6.554745137691498,695.2752582728863,410.577,1696.3120494037867
6.71355240046978,674.5030358433723,395.971,786.0199455171824
5.869923159480095,843.0673386901617,414.607,2721.898363903165
7.06121139228344,702.5907672941685,410.426,710.673226043582
6.244370713829994,618.2903442531824,405.219,626.8297228962183
7.269423454999924,834.4381898641586,407.025,1944.8951240628958
5.824126303195953,616.6994348168373,398.503,623.5072109848261
6.792929023504257,3001.888269558549,402.807,3239.382389932871
6.24416396021843,2176.061350852251,410.497,2183.1941474229097
9.03831422328949,3181.33488483727,415.768,4978.96951623261
7.083375006914139,2030.003871768713,401.969,2356.138125061989
7.61190801858902,1986.3476678729057,426.054,3682.784367352724
6.305506452918053,3526.0881576687098,525.554,3533.338639885187
7.535420358181,1696.8606263399124,424.356,1705.4390292614698
7.396552711725235,2013.2571402937174,539.529,2155.2077513188124
6.872357800602913,1398.1737829744816,378.444,1406.2045104801655
4.894237965345383,2626.1972449719906,393.14,2632.0949494838715
7.105465978384018,1969.4022499024868,408.094,2463.492823764682
10.830715298652649,2120.292641222477,502.652,2673.2464507222176
7.194047793745995,2115.2842435985804,451.406,3426.8256910145283
6.77952915430069,1577.6269026100636,471.767,1883.0337151885033
8.886326104402542,2692.2446340322495,322.598,4328.946402296424
6.309064105153084,2332.598876208067,323.217,2660.10445356369
8.20687785744667,2735.230704769492,546.683,3257.832318544388
6.454614922404289,2130.8484505861998,519.559,2312.7766009420156
7.10115022957325,2057.982664555311,351.11,2760.2613531053066
11.554833501577377,1895.7874309271574,427.032,2595.0819347053766
7.331375032663345,2296.0642222315073,326.815,3632.621608674526
6.335899233818054,1622.1092361956835,402.649,2159.037481993437
6.841065362095833,2153.863374143839,438.645,3044.388882815838
6.785973906517029,1512.0670162141323,523.309,1663.267919793725
